{"cameraMode":{"drawMode":0,"name":"Shaded","section":"Shading Mode"},"sceneLighting":false,"audioPlay":false,"sceneViewState":{"showFog":true,"showMaterialUpdate":true,"showSkybox":false,"showFlares":true,"showImageEffects":true,"showParticleSystems":true},"in2DMode":false,"pivot":{"x":0.0,"y":0.48485124111175539,"z":-2.9802322387695315e-8},"rotation":{"x":0.06383411586284638,"y":0.7955114245414734,"z":-0.085005022585392,"w":0.5966183543205261},"size":1.6408995389938355,"orthographic":false}