{"cameraMode":{"drawMode":0,"name":"Shaded","section":"Shading Mode"},"sceneLighting":false,"audioPlay":false,"sceneViewState":{"showFog":true,"showMaterialUpdate":true,"showSkybox":false,"showFlares":true,"showImageEffects":true,"showParticleSystems":true},"in2DMode":false,"pivot":{"x":-598.5078735351563,"y":309.0396728515625,"z":640.981201171875},"rotation":{"x":-0.11261353641748429,"y":-0.8570753931999207,"z":0.4560549557209015,"w":-0.21164105832576753},"size":77.0298843383789,"orthographic":false}