{"cameraMode":{"drawMode":0,"name":"Shaded","section":"Shading Mode"},"sceneLighting":false,"audioPlay":false,"sceneViewState":{"showFog":false,"showMaterialUpdate":false,"showSkybox":false,"showFlares":false,"showImageEffects":false,"showParticleSystems":false},"in2DMode":false,"pivot":{"x":-107.0030288696289,"y":0.8475741744041443,"z":154.77963256835938},"rotation":{"x":-0.05005853250622749,"y":0.9314537644386292,"z":-0.33191221952438357,"w":-0.14048953354358674},"size":512.8214111328125,"orthographic":false}