{"cameraMode":{"drawMode":0,"name":"Shaded","section":"Shading Mode"},"sceneLighting":true,"audioPlay":false,"sceneViewState":{"showFog":true,"showMaterialUpdate":true,"showSkybox":true,"showFlares":true,"showImageEffects":true,"showParticleSystems":true},"in2DMode":false,"pivot":{"x":-200.65478515625,"y":-298.022216796875,"z":132.116943359375},"rotation":{"x":-0.26768237352371218,"y":0.15154320001602174,"z":-0.042735304683446887,"w":-0.9505739212036133},"size":2700.07177734375,"orthographic":false}